{
  "with_avx_tok_per_s": 2.8757101622410386,
  "no_avx_tok_per_s": 0.3942690858384068,
  "delta_pct": -86.2896792933001
}